<?xml version="1.0"?>
<module>
    <type>extension</type>
    <!-- Module name -->
    <name>AllinOneAccessibility</name>
    <!-- This is the name that will appear in the Vtiger GUI -->
    <label>All in One Accessibility</label>
    <!-- Module will be listed under Tools -->
    <parent>Tools</parent>
    <!-- Module version -->
    <version>1.1</version>
    <!-- Dependencies -->
    <dependencies>
        <!-- To install in Vtiger 6, this needs to be >= 6.0.0 -->
        <vtiger_version>7.0.0</vtiger_version>
    </dependencies>
    <!-- Additional elements (if needed) -->
    <tables>
        <!-- <table>
            <name>your_table_name</name>
            <sqlfile>install.sql</sqlfile>
        </table> -->
    </tables>
    <customize>
        <handler>
            <event>module.postinstall</event>
            <class>AllinOneAccessibility</class>
            <method>onEnableModule</method>
        </handler>
        <handler>
            <event>module.disabled</event>
            <class>AllinOneAccessibility</class>
            <method>onDisableModule</method>
        </handler>
    </customize>
</module>
